Conductivity,Tide,Day,Hour
9063.487450000002,-0.01,2,0
8913.66324791667,-0.0,2,1
9313.705779166665,0.01,2,2
10342.199766666667,0.01,2,3
11931.396645833334,0.02,2,4
13085.461145833331,0.03,2,5
12203.621270833335,0.05,2,6
12021.311604166669,0.06,2,7
11828.316166666684,0.06,2,8
10524.05920833333,0.06,2,9
8986.3571625,0.06,2,10
9534.59566875,0.05,2,11
9491.347468749998,0.04,2,12
8296.228829166666,0.03,2,13
8684.464097916667,0.0,2,14
8522.792995833337,-0.02,2,15
7634.277920833339,-0.04,2,16
7682.796939583324,-0.05,2,17
7725.427387365591,-0.06,2,18
7692.052579301076,-0.06,2,19
8044.1663875,-0.06,2,20
8177.896891666654,-0.05,2,21
8054.358684843281,-0.04,2,22
7980.281954740056,-0.03,2,23
7714.066027083332,-0.02,3,0
7991.641797916669,-0.0,3,1
8685.232797916668,0.0,3,2
8824.313485416667,0.01,3,3
9235.11075208333,0.01,3,4
9624.634852083336,0.02,3,5
10244.920633333333,0.04,3,6
10365.363,0.05,3,7
10244.671250000001,0.06,3,8
9985.59393541667,0.06,3,9
8451.074841666657,0.06,3,10
8068.2213895833465,0.06,3,11
8205.978979166675,0.05,3,12
7821.3217208333335,0.04,3,13
7411.017185416667,0.02,3,14
7528.4996375,-0.01,3,15
7438.254710416669,-0.03,3,16
7030.740741666667,-0.05,3,17
7245.599979166671,-0.06,3,18
7379.3476666666675,-0.07,3,19
7397.423585416667,-0.06,3,20
6654.455008333336,-0.06,3,21
6617.643310416667,-0.05,3,22
6654.379379166658,-0.04,3,23
6768.816950000001,-0.02,4,0
6967.014608333332,-0.01,4,1
7436.70331875,0.0,4,2
7554.113816666668,0.01,4,3
7928.403977083331,0.01,4,4
8197.573127083331,0.01,4,5
8662.87915625,0.02,4,6
10520.589812500002,0.03,4,7
9166.737335416663,0.05,4,8
8648.116414583332,0.06,4,9
8281.673352083337,0.06,4,10
6813.077685416676,0.06,4,11
7831.517319465175,0.06,4,12
7807.97610136816,0.05,4,13
7119.263747916667,0.03,4,14
7249.909635416666,0.01,4,15
7294.375614583334,-0.02,4,16
7287.40095,-0.04,4,17
7035.5036833333315,-0.06,4,18
7143.941418749999,-0.07,4,19
7117.542027083333,-0.07,4,20
7247.595054166665,-0.06,4,21
7250.7847435970925,-0.05,4,22
7414.159016819583,-0.04,4,23
7666.575368750001,-0.03,5,0
7598.001631249996,-0.01,5,1
7515.755058333332,-0.0,5,2
8108.084521969698,0.0,5,3
8429.288048863637,0.01,5,4
8498.896887499997,0.0,5,5
8767.623770833334,0.01,5,6
9127.939875000002,0.02,5,7
9072.551791666669,0.03,5,8
8643.86658125,0.05,5,9
8093.225831249997,0.06,5,10
8094.893491666666,0.06,5,11
7515.088895833337,0.06,5,12
6975.810868750001,0.06,5,13
7011.680608333332,0.04,5,14
6947.827939583335,0.03,5,15
6235.969312500001,0.0,5,16
6337.006829166667,-0.03,5,17
6516.378064583336,-0.05,5,18
6794.299160416666,-0.06,5,19
7124.908762500001,-0.07,5,20
7086.123227083333,-0.06,5,21
6965.234868749999,-0.05,5,22
6880.917404166646,-0.04,5,23
6850.066470833333,-0.03,6,0
6757.515933333334,-0.01,6,1
6834.572029166666,-0.0,6,2
7094.569125000001,0.0,6,3
7269.826195833334,0.0,6,4
8528.090820833337,0.0,6,5
8601.973120833336,-0.0,6,6
8991.436289583335,0.0,6,7
9416.611712500007,0.01,6,8
10076.601562499998,0.03,6,9
9378.550589583336,0.04,6,10
7425.023320833336,0.05,6,11
7237.069527083336,0.06,6,12
7473.2420333333375,0.06,6,13
7003.563077083332,0.05,6,14
6884.756901285461,0.04,6,15
7202.118154964541,0.02,6,16
7401.178214583333,-0.01,6,17
7309.444139583333,-0.04,6,18
7429.334929166667,-0.05,6,19
7501.947922916669,-0.06,6,20
7303.89073125,-0.06,6,21
6701.312447916664,-0.05,6,22
6844.410989583348,-0.03,6,23
6730.102664583333,-0.02,0,0
6923.856685416668,-0.01,0,1
7616.017958333333,-0.0,0,2
8768.156177083332,0.0,0,3
9027.197639583328,0.01,0,4
9012.96620416667,0.0,0,5
9272.335218750002,-0.01,0,6
9547.187543750002,-0.01,0,7
9348.113522916663,-0.01,0,8
9194.103116666667,0.01,0,9
8483.82690416667,0.02,0,10
7754.730593749997,0.04,0,11
7417.404822916666,0.05,0,12
7646.280177083335,0.05,0,13
7272.174647916672,0.05,0,14
6788.221581250003,0.04,0,15
7204.749079166664,0.03,0,16
7366.267739583341,0.01,0,17
7355.958047916666,-0.02,0,18
7137.103118750001,-0.04,0,19
7438.668080303028,-0.05,0,20
7785.9346884469705,-0.05,0,21
7335.308464583329,-0.04,0,22
6942.63938958332,-0.03,0,23
6974.211318750003,-0.02,1,0
7008.516652083331,-0.01,1,1
7833.9893416666655,0.0,1,2
8018.854175000001,0.01,1,3
8907.190197916661,0.01,1,4
10657.814479166671,0.01,1,5
11402.034458333335,-0.0,1,6
11706.866479166676,-0.01,1,7
10177.352625000012,-0.02,1,8
8541.007241666664,-0.01,1,9
9115.787089583328,0.0,1,10
9323.044672916669,0.02,1,11
8126.416416666665,0.03,1,12
8320.256416666673,0.04,1,13
7746.331954166668,0.04,1,14
6867.4982375,0.03,1,15
6728.06103541667,0.03,1,16
7013.232562499999,0.01,1,17
7607.817735416665,-0.0,1,18
7561.040979166671,-0.02,1,19
7678.840372916665,-0.04,1,20
7956.911299999999,-0.04,1,21
8075.85167083331,-0.04,1,22
8106.193999999961,-0.03,1,23
7047.2990291666665,-0.01,2,0
7083.738795833321,0.0,2,1
7597.921339583334,0.01,2,2
7431.539616666668,0.02,2,3
8439.537135416665,0.02,2,4
9143.727283333335,0.01,2,5
9045.263658333335,0.0,2,6
9809.496806250001,-0.01,2,7
9161.04881875,-0.02,2,8
8044.847079166673,-0.02,2,9
7812.403441666667,-0.02,2,10
7462.0992562500005,-0.01,2,11
6408.789312499996,0.01,2,12
6306.40504166667,0.02,2,13
6389.449068137254,0.02,2,14
5959.593741932189,0.02,2,15
5982.73090659722,0.02,2,16
5910.406060416671,0.01,2,17
5852.077985416679,0.0,2,18
6155.568113577586,-0.01,2,19
6246.178209339081,-0.03,2,20
6071.821429166669,-0.03,2,21
6019.476053125002,-0.03,2,22
6120.551613541678,-0.02,2,23
6338.763624999998,-0.01,3,0
6533.835485416666,0.01,3,1
7194.307097916668,0.02,3,2
8956.736372916661,0.03,3,3
9304.460289583334,0.03,3,4
9333.001168750001,0.02,3,5
10287.662062499998,0.02,3,6
9982.566695833337,0.0,3,7
8365.15430625,-0.01,3,8
7048.834679166665,-0.02,3,9
6075.117643750003,-0.03,3,10
5749.764243749999,-0.02,3,11
5687.809645833331,-0.02,3,12
5381.913631249999,-0.0,3,13
5363.028956250001,0.0,3,14
5386.406995833332,0.01,3,15
5632.7246041666685,0.01,3,16
5724.6665,0.01,3,17
5749.894481250002,0.0,3,18
5842.505904166666,-0.01,3,19
5918.666043749999,-0.02,3,20
5950.478935416667,-0.02,3,21
6081.596765624999,-0.02,3,22
5867.014853124999,-0.02,3,23
5747.89465208333,-0.0,4,0
5809.038414583348,0.01,4,1
6340.238227083336,0.03,4,2
7519.0748520833395,0.04,4,3
8995.327277083334,0.04,4,4
9309.763597916666,0.04,4,5
10012.966981250001,0.03,4,6
9904.285404166669,0.02,4,7
9134.909304166667,0.0,4,8
7494.091239583332,-0.01,4,9
6973.735008333334,-0.03,4,10
7067.335066666663,-0.03,4,11
6188.514822916667,-0.03,4,12
5596.268395833333,-0.02,4,13
6153.5747613669555,-0.02,4,14
5838.363961549707,-0.01,4,15
5689.489675000002,-0.01,4,16
5812.39503125,-0.01,4,17
5983.903237499996,-0.01,4,18
6169.613847560977,-0.01,4,19
6528.510037855692,-0.01,4,20
6423.087262500003,-0.02,4,21
6458.826390563729,-0.02,4,22
6449.699284436283,-0.01,4,23
6754.114614583333,-0.0,5,0
6902.400406250002,0.01,5,1
7299.623866666661,0.03,5,2
7613.3379875,0.04,5,3
7906.466752083334,0.05,5,4
9351.817202083334,0.05,5,5
10601.682025000007,0.05,5,6
10722.482206250008,0.04,5,7
9796.78360208333,0.02,5,8
9185.077020833334,0.01,5,9
7329.66327291667,-0.01,5,10
7016.047027083334,-0.03,5,11
7687.386104166672,-0.04,5,12
6669.836670833336,-0.04,5,13
6029.784935416666,-0.04,5,14
6228.7091262681215,-0.03,5,15
5889.441884148549,-0.03,5,16
5961.816497916668,-0.03,5,17
6095.745722916669,-0.02,5,18
6222.501435416665,-0.02,5,19
6114.548979166667,-0.02,5,20
6211.242079166668,-0.02,5,21
6356.302018749998,-0.01,5,22
6457.043339583343,-0.01,5,23
6634.103752083333,-0.0,6,0
6648.632106250001,0.01,6,1
6129.906420833331,0.03,6,2
5914.095658333333,0.04,6,3
6086.385791666664,0.05,6,4
6268.269822916666,0.06,6,5
6462.562852083335,0.06,6,6
6505.979522916668,0.05,6,7
6559.35072291667,0.04,6,8
6552.585593750001,0.03,6,9
6552.500104166667,0.01,6,10
6554.1946104166655,-0.01,6,11
6559.334410416666,-0.03,6,12
6555.682372916678,-0.04,6,13
6541.8731166666685,-0.05,6,14
6541.066677083337,-0.05,6,15
6538.236381250002,-0.04,6,16
6538.791343749999,-0.04,6,17
6538.616110416667,-0.04,6,18
6527.659510416664,-0.04,6,19
2594.0050072916665,-0.03,6,20
1836.0029979166663,-0.02,6,21
4129.547352083345,-0.02,6,22
5106.692000000019,-0.01,6,23
4928.978910416673,-0.0,0,0
4673.780856249999,0.01,0,1
4757.511108333333,0.02,0,2
4738.335549999999,0.04,0,3
4873.137077083342,0.05,0,4
4899.555354166665,0.06,0,5
5732.295554166664,0.06,0,6
5692.175966666667,0.06,0,7
5649.034839583333,0.06,0,8
5786.666414583334,0.05,0,9
5622.268639583334,0.03,0,10
5438.477658333332,0.01,0,11
5525.06780625,-0.01,0,12
5406.452608333334,-0.03,0,13
5331.93115,-0.04,0,14
5455.299039583333,-0.05,0,15
5388.1469875,-0.06,0,16
5287.897537499996,-0.06,0,17
5228.7062562500005,-0.05,0,18
5157.198762500002,-0.05,0,19
5133.019547916663,-0.04,0,20
5183.289683333332,-0.03,0,21
5479.440730208336,-0.02,0,22
5590.587761458326,-0.01,0,23
5900.006470833334,-0.0,1,0
6030.806977083334,0.0,1,1
6115.889770833336,0.01,1,2
5907.315529166667,0.03,1,3
5808.579175000002,0.04,1,4
5752.954945833335,0.05,1,5
5725.920577083332,0.06,1,6
5665.741112462798,0.06,1,7
5659.808962537204,0.06,1,8
5685.91511458333,0.06,1,9
5733.054387500001,0.05,1,10
5684.406406250001,0.03,1,11
5535.747264583334,0.01,1,12
5526.096256250001,-0.01,1,13
5510.374064583333,-0.03,1,14
5473.9348270833325,-0.05,1,15
5470.604012499999,-0.06,1,16
5533.276670833328,-0.06,1,17
5964.1326583333375,-0.06,1,18
6173.732516666667,-0.06,1,19
6185.853820833337,-0.05,1,20
6201.4911791666655,-0.04,1,21
6178.033797457626,-0.03,1,22
6157.711262959038,-0.02,1,23
6143.171779166668,-0.01,2,0
6138.75500416667,0.0,2,1
6162.208925,0.01,2,2
6289.656441666663,0.01,2,3
6308.953718749986,0.03,2,4
6409.309156250001,0.04,2,5
6734.651226273147,0.05,2,6
6941.626111226851,0.06,2,7
7121.3710083333335,0.06,2,8
6858.6098104166695,0.06,2,9
6499.746058333333,0.06,2,10
5870.428464583327,0.05,2,11
6301.44487291667,0.04,2,12
6190.956237499998,0.01,2,13
5412.733505525368,-0.01,2,14
6355.349731974638,-0.04,2,15
6307.251685416666,-0.05,2,16
6267.167665732088,-0.06,2,17
6142.57974468458,-0.07,2,18
6095.889050000003,-0.06,2,19
6025.079787500017,-0.06,2,20
5938.848610416666,-0.05,2,21
5963.354759349596,-0.04,2,22
6020.36785315041,-0.02,2,23
6109.703841666667,-0.01,3,0
6053.728062499999,-0.0,3,1
6190.501235416666,0.0,3,2
6227.290081250002,0.01,3,3
6163.941262500001,0.01,3,4
6166.741791666664,0.02,3,5
6950.064493749999,0.03,3,6
7280.050174999998,0.05,3,7
7215.086933333336,0.06,3,8
6918.329464583335,0.06,3,9
6245.681243749998,0.06,3,10
6369.966279166669,0.06,3,11
6254.477406249999,0.05,3,12
5785.021447916672,0.03,3,13
5935.276131249999,0.01,3,14
6003.576318750001,-0.02,3,15
6003.213297916669,-0.04,3,16
5992.058141666668,-0.06,3,17
5928.090170833334,-0.07,3,18
5905.822747916667,-0.06,3,19
5856.529983333329,-0.06,3,20
5792.457647916666,-0.05,3,21
5711.330474999999,-0.04,3,22
5669.774508333324,-0.03,3,23
5751.806310416665,-0.01,4,0
5889.769829166664,-0.0,4,1
6305.145583333334,0.0,4,2
6522.49755625,0.0,4,3
7038.648085416664,0.0,4,4
7388.872179166667,0.01,4,5
7416.36110208333,0.02,4,6
7617.649629166665,0.03,4,7
7653.949127083336,0.04,4,8
7682.089006749999,0.05,4,9
6455.225318249999,0.06,4,10
6426.474204166665,0.06,4,11
7941.31899583334,0.05,4,12
5729.008689583333,0.05,4,13
5594.614154166665,0.03,4,14
5601.480745833334,0.0,4,15
5553.099704166667,-0.02,4,16
5529.863281249996,-0.05,4,17
5542.724918749998,-0.06,4,18
5522.714360416665,-0.06,4,19
5768.652674999999,-0.06,4,20
5791.708308333334,-0.05,4,21
5726.81557835498,-0.04,4,22
6101.324932061687,-0.03,4,23
6298.689333333335,-0.01,5,0
6334.804197916667,-0.0,5,1
6503.201139583334,0.01,5,2
6440.66589375,0.01,5,3
6472.907383333337,0.0,5,4
6652.652456250002,-0.0,5,5
7300.113135416668,-0.0,5,6
7753.692906250003,0.01,5,7
8926.445237499998,0.02,5,8
8882.841627083335,0.03,5,9
8799.447241666674,0.04,5,10
7494.957345833336,0.05,5,11
7550.9464395833265,0.05,5,12
7301.387239583331,0.05,5,13
5923.121191666668,0.04,5,14
6007.700775000001,0.02,5,15
6166.1792749999995,-0.0,5,16
6066.11231875,-0.03,5,17
5809.837854166666,-0.05,5,18
5829.66331875,-0.06,5,19
5921.816512132359,-0.05,5,20
5853.133581617646,-0.05,5,21
5667.740392708333,-0.04,5,22
5612.504167708341,-0.02,5,23
5584.160464583334,-0.01,6,0
5560.4503958333335,-0.0,6,1
5849.493566666667,0.01,6,2
6356.198450000005,0.01,6,3
6524.692554166666,0.0,6,4
6466.735749999999,-0.0,6,5
6395.394033333337,-0.01,6,6
6924.373902083325,-0.01,6,7
7235.643443749995,0.0,6,8
6615.0724604166635,0.01,6,9
6613.147282230391,0.03,6,10
5993.481983394606,0.03,6,11
5418.127457291665,0.04,6,12
5675.326968750002,0.04,6,13
5634.045222916666,0.04,6,14
5471.724622916665,0.03,6,15
5431.893589583334,0.01,6,16
5689.504708333333,-0.01,6,17
5774.377852083333,-0.03,6,18
5517.799410416666,-0.05,6,19
5502.511966666663,-0.05,6,20
5569.888783333328,-0.04,6,21
5460.374518749999,-0.03,6,22
5491.586254166687,-0.02,6,23
5297.42505625,-0.01,0,0
5648.815408333332,0.0,0,1
5956.098497916667,0.01,0,2
6294.43489375,0.02,0,3
6719.131420833334,0.01,0,4
6807.242466666667,0.0,0,5
7275.851510416667,-0.01,0,6
7496.635872916668,-0.02,0,7
7512.42177708333,-0.01,0,8
6941.168037499999,-0.0,0,9
5828.587374999999,0.01,0,10
5985.453438339553,0.02,0,11
5225.4193720771145,0.03,0,12
4562.017729166666,0.03,0,13
5093.249748611111,0.03,0,14
5061.908688888888,0.03,0,15
4877.172004166666,0.02,0,16
5357.49186041667,-0.0,0,17
5428.165662500002,-0.02,0,18
5345.473037499999,-0.04,0,19
5136.338058333335,-0.04,0,20
5383.778331250001,-0.04,0,21
5470.1557087009805,-0.02,0,22
5419.403857965701,-0.01,0,23
5326.820972916667,0.0,1,0
5249.366849999999,0.01,1,1
5367.132741666665,0.02,1,2
5333.331977083335,0.02,1,3
5482.489849999996,0.02,1,4
5934.053679166666,0.01,1,5
6421.391022916675,-0.0,1,6
6871.3892958333345,-0.02,1,7
6926.214143750004,-0.02,1,8
6886.715770833333,-0.02,1,9
5916.295514583329,-0.01,1,10
5439.980735416668,0.0,1,11
5418.310174999998,0.01,1,12
5222.375402083331,0.02,1,13
4968.583566666667,0.02,1,14
5196.060487499998,0.02,1,15
5262.2476875,0.01,1,16
4674.245052083332,0.0,1,17
4994.776554166666,-0.01,1,18
5026.056991666665,-0.03,1,19
5008.89685,-0.03,1,20
4863.52995,-0.03,1,21
5071.759441987179,-0.02,1,22
5255.268270512819,-0.01,1,23
5360.245018750001,0.01,2,0
5385.654402083336,0.02,2,1
5748.322354166669,0.02,2,2
5786.958564583333,0.03,2,3
6061.860370833333,0.03,2,4
6172.625695833329,0.02,2,5
6680.506925,0.01,2,6
6928.732462499996,-0.01,2,7
6331.915468749998,-0.02,2,8
6149.663912499997,-0.02,2,9
5688.719947916665,-0.02,2,10
4969.658791666667,-0.01,2,11
5356.039149999999,-0.0,2,12
5309.440054166667,0.0,2,13
4691.469043749999,0.01,2,14
4568.3936375,0.01,2,15
4547.869681250001,0.01,2,16
4558.460106250001,0.0,2,17
4639.4034749999955,-0.01,2,18
4710.367691666668,-0.02,2,19
4799.023431249998,-0.03,2,20
5291.06474374999,-0.03,2,21
5434.3297053264605,-0.02,2,22
5430.365644673553,-0.0,2,23
5273.665989583335,0.01,3,0
5296.902954166666,0.02,3,1
6030.678308333338,0.03,3,2
6765.241329166663,0.04,3,3
6899.759729166666,0.04,3,4
7194.797441666668,0.03,3,5
7739.608335416667,0.02,3,6
7076.083560416668,0.01,3,7
2611.0303708333345,-0.01,3,8
4304.258839583334,-0.02,3,9
4642.6091145833325,-0.03,3,10
4667.6117,-0.02,3,11
4646.21555625,-0.02,3,12
4575.501587499999,-0.01,3,13
4462.140868750002,-0.01,3,14
4342.076322916661,-0.01,3,15
4254.483395833334,-0.01,3,16
4047.9707124999986,-0.01,3,17
3877.6739854166676,-0.01,3,18
3777.767002083333,-0.01,3,19
3079.688712499999,-0.02,3,20
1638.9038708333335,-0.02,3,21
3493.751467708336,-0.02,3,22
4213.519082291654,-0.0,3,23
4585.529672916668,0.01,4,0
4821.967802083334,0.03,4,1
4703.013672916668,0.04,4,2
4887.46666666667,0.04,4,3
4973.5627875,0.04,4,4
5005.110437499998,0.04,4,5
5098.507750000002,0.03,4,6
5120.285679166668,0.02,4,7
5101.842733333332,0.0,4,8
5062.994691666666,-0.01,4,9
4860.563075,-0.02,4,10
4771.047535416669,-0.03,4,11
4741.181816666666,-0.02,4,12
4652.95870625,-0.02,4,13
4540.990902083334,-0.02,4,14
4466.843472916665,-0.02,4,15
4411.44209375,-0.02,4,16
4391.930647916665,-0.02,4,17
4380.0445875000005,-0.01,4,18
4372.306437612612,-0.02,4,19
4312.363383220722,-0.02,4,20
4375.623341666665,-0.02,4,21
4430.445369300315,-0.01,4,22
4404.243343199675,-0.0,4,23
4452.933541666668,0.01,5,0
4567.835310416665,0.03,5,1
4673.314287500001,0.04,5,2
4630.520445833334,0.05,5,3
4669.961093750001,0.05,5,4
4736.729089583325,0.05,5,5
4838.808337499999,0.04,5,6
4956.674350000001,0.03,5,7
5086.068104166665,0.02,5,8
5139.542047916667,-0.0,5,9
5176.20199375,-0.02,5,10
5165.585310416668,-0.03,5,11
5154.761058333332,-0.03,5,12
5176.7397062499995,-0.03,5,13
5179.560066666666,-0.03,5,14
5171.906102083335,-0.03,5,15
5101.090043749997,-0.03,5,16
5064.857887500001,-0.03,5,17
5023.093631249999,-0.02,5,18
4996.450387500002,-0.02,5,19
5503.452472916667,-0.02,5,20
6090.832414583334,-0.01,5,21
6085.620202083333,-0.01,5,22
6030.627354166668,-0.0,5,23
5902.85680416666,0.01,6,0
5906.131956249999,0.03,6,1
5967.017564583333,0.04,6,2
6023.970383333331,0.05,6,3
6257.066277083327,0.05,6,4
6350.504731249999,0.05,6,5
6415.606602083334,0.05,6,6
6873.5990416666655,0.04,6,7
8119.120427083336,0.03,6,8
8365.034474999999,0.01,6,9
8331.256795833331,-0.0,6,10
8286.766179166669,-0.02,6,11
8067.529614583332,-0.03,6,12
8085.770443750001,-0.03,6,13
8006.409156250005,-0.03,6,14
7707.524917708333,-0.03,6,15
7532.677971874998,-0.03,6,16
7355.155858333334,-0.03,6,17
7253.702235416667,-0.03,6,18
7137.758806249999,-0.03,6,19
7326.806716666664,-0.02,6,20
7057.000810416672,-0.02,6,21
6776.1264437499985,-0.01,6,22
6912.763545833352,-0.0,6,23
6794.852718750002,0.01,0,0
6865.811158333334,0.02,0,1
6222.893612500001,0.04,0,2
6272.510752083335,0.05,0,3
7380.670429166666,0.06,0,4
8570.776129166663,0.06,0,5
8972.70664375,0.05,0,6
9194.970306250003,0.05,0,7
8893.782508333332,0.04,0,8
8188.560477083329,0.03,0,9
7579.613114583339,0.01,0,10
6094.736331250004,-0.01,0,11
5603.2960916666725,-0.02,0,12
5856.129091666667,-0.03,0,13
5633.529697916671,-0.04,0,14
5352.317306249998,-0.04,0,15
5587.378818749999,-0.04,0,16
5777.519870833334,-0.04,0,17
5653.714550000002,-0.04,0,18
5714.486412500002,-0.04,0,19
5659.34419375,-0.03,0,20
5665.3685,-0.02,0,21
5590.361064062501,-0.01,0,22
5530.130971354151,-0.0,0,23
5673.885318750001,0.01,1,0
6845.091479166676,0.02,1,1
6874.427968750003,0.03,1,2
6786.932847916667,0.04,1,3
6607.597462499996,0.05,1,4
7478.634724999997,0.06,1,5
9000.393731249998,0.06,1,6
8646.888416666667,0.05,1,7
8420.707977083335,0.05,1,8
6856.064335416666,0.04,1,9
5933.078670833336,0.02,1,10
6051.737193750003,0.01,1,11
5962.854252083332,-0.01,1,12
5909.398006249996,-0.03,1,13
5924.150785416665,-0.04,1,14
5741.964997916669,-0.05,1,15
5719.959983333317,-0.05,1,16
5558.519266666667,-0.05,1,17
5519.194727083334,-0.05,1,18
6294.296512500002,-0.04,1,19
6354.500866666666,-0.04,1,20
6272.277614583333,-0.03,1,21
6132.2040921875005,-0.01,1,22
5776.929918229154,-0.0,1,23
6012.258920833334,0.01,2,0
6413.204739583333,0.01,2,1
6483.196752083333,0.02,2,2
6529.592679166667,0.03,2,3
6621.5660583333365,0.04,2,4
8091.9972937500015,0.05,2,5
8239.24567916667,0.06,2,6
8776.066293750011,0.05,2,7
8798.488241666664,0.05,2,8
7909.057839583331,0.04,2,9
7871.5803375000005,0.04,2,10
7874.819793749997,0.02,2,11
7737.1230145833315,0.01,2,12
7760.485647916659,-0.01,2,13
7667.417537500003,-0.03,2,14
7538.989512500002,-0.05,2,15
7483.273062499994,-0.05,2,16
7478.9394625,-0.06,2,17
7270.257804166665,-0.05,2,18
7409.394430492424,-0.05,2,19
7294.499986174243,-0.04,2,20
7256.84398125,-0.03,2,21
7232.620180717056,-0.02,2,22
7157.863708866245,-0.01,2,23
6413.303893749999,0.0,3,0
6779.11508125,0.01,3,1
6724.4034791666645,0.02,3,2
7014.052295833335,0.02,3,3
6895.325383333334,0.03,3,4
6865.071935416667,0.04,3,5
6787.1414187499995,0.05,3,6
6842.471129166667,0.05,3,7
7105.745054166667,0.05,3,8
7362.444541666666,0.05,3,9
7190.64699375,0.04,3,10
6984.155189583335,0.03,3,11
6702.392718749995,0.02,3,12
6568.791289583339,0.0,3,13
6642.64018125,-0.02,3,14
6584.085360416661,-0.04,3,15
6722.320270833333,-0.05,3,16
6708.019402083331,-0.06,3,17
6825.875874999998,-0.06,3,18
6842.225972916664,-0.05,3,19
7033.0958833333325,-0.04,3,20
6403.923637499999,-0.04,3,21
5826.642349798391,-0.02,3,22
6174.722285618259,-0.01,3,23
6674.054737499997,0.0,4,0
6684.54039375,0.01,4,1
6768.124583333335,0.01,4,2
6850.719572916667,0.01,4,3
6901.021629166664,0.02,4,4
7526.1187666666665,0.02,4,5
8608.324743750001,0.03,4,6
9011.901437499993,0.04,4,7
8930.480685416665,0.05,4,8
8829.380422916678,0.05,4,9
8323.152564583337,0.05,4,10
6815.625263657409,0.04,4,11
7340.370596759256,0.03,4,12
7037.445608333331,0.02,4,13
6767.209652083331,-0.0,4,14
6731.116124617348,-0.02,4,15
6506.915950382653,-0.04,4,16
6581.988102083333,-0.06,4,17
6678.133810416668,-0.06,4,18
6615.0364145833355,-0.05,4,19
6546.407929166667,-0.05,4,20
6878.194460416667,-0.04,4,21
7153.898237254901,-0.03,4,22
6995.102366911768,-0.01,4,23
6710.962610416669,-0.0,5,0
6675.445441666669,0.01,5,1
6769.201500000001,0.01,5,2
6825.320064583332,0.01,5,3
7035.767825,0.01,5,4
7458.957289583335,0.01,5,5
7662.644484375001,0.01,5,6
9333.063321874999,0.02,5,7
9294.653147916675,0.04,5,8
9020.20044166667,0.04,5,9
7742.048047916661,0.04,5,10
7755.676516666668,0.04,5,11
7907.782954166673,0.04,5,12
7127.345356249998,0.03,5,13
6999.23279375,0.01,5,14
6189.883325,-0.01,5,15
6453.1600812499955,-0.03,5,16
6978.712660416668,-0.05,5,17
7110.486096346157,-0.06,5,18
6920.717193186368,-0.05,5,19
6317.4396521341505,-0.04,5,20
6407.116570833334,-0.03,5,21
6386.08982291667,-0.02,5,22
6439.864414583338,-0.01,5,23
6471.402887696848,-0.0,6,0
6538.896087303147,0.01,6,1
6559.143550000007,0.01,6,2
6808.172091622342,0.01,6,3
8508.281070877661,0.0,6,4
8999.46439375,-0.0,6,5
9202.094491666669,-0.0,6,6
9246.90620625,0.0,6,7
8990.405362499996,0.02,6,8
7528.871418145164,0.03,6,9
6616.879658938169,0.04,6,10
6162.465472916666,0.04,6,11
6059.798918750001,0.04,6,12
5690.731587500005,0.03,6,13
6345.414364583335,0.03,6,14
6264.975602083334,0.01,6,15
5620.794335416665,-0.01,6,16
5832.0097520833315,-0.03,6,17
6632.948316666667,-0.05,6,18
6850.80305625,-0.05,6,19
6107.375054166667,-0.04,6,20
6210.840457291668,-0.03,6,21
6013.064176041666,-0.02,6,22
6105.714331249985,-0.01,6,23
5823.406852083331,0.0,0,0
6510.237316666668,0.01,0,1
6794.205670833335,0.01,0,2
7324.064849999999,0.01,0,3
8088.059218750001,0.0,0,4
8516.460079166667,-0.01,0,5
8541.615506249998,-0.02,0,6
8161.404387500002,-0.02,0,7
7662.105329166662,-0.01,0,8
6540.022737499999,0.01,0,9
6435.668547916665,0.02,0,10
6585.225420833332,0.03,0,11
6422.069029166668,0.03,0,12
7077.50607083333,0.03,0,13
6231.651243749998,0.03,0,14
5714.032029166669,0.02,0,15
5639.846945833331,0.0,0,16
5808.916927529753,-0.02,0,17
6301.002805803572,-0.03,0,18
5824.8373687499725,-0.04,0,19
5731.768633333335,-0.04,0,20
5859.896336931822,-0.03,0,21
6032.800754734849,-0.01,0,22
5846.727095833335,0.0,0,23
5810.916897916667,0.01,1,0
6066.555241666667,0.02,1,1
6527.445993750002,0.02,1,2
7419.846835416667,0.02,1,3
7911.8619541666685,0.01,1,4
7762.546156250002,-0.01,1,5
8209.703612499994,-0.02,1,6
7747.493235416667,-0.03,1,7
6618.687435349463,-0.03,1,8
6141.168012567206,-0.02,1,9
6504.611295833331,-0.0,1,10
6409.760108333337,0.01,1,11
5335.302910416667,0.02,1,12
5710.0935666666655,0.02,1,13
5794.805722916668,0.02,1,14
5726.626000000004,0.02,1,15
5452.544570833335,0.01,1,16
5511.533356250001,-0.0,1,17
5352.533166666667,-0.02,1,18
5475.095224999998,-0.03,1,19
5566.3241520833335,-0.03,1,20
5626.933384027779,-0.02,1,21
5561.357257638889,-0.01,1,22
5391.851025000008,0.01,1,23
5541.124691666667,0.02,2,0
6019.035902083332,0.03,2,1
7271.780347916667,0.03,2,2
7540.642189583335,0.03,2,3
7852.155035416672,0.02,2,4
8516.892581250004,0.0,2,5
8448.20118125,-0.01,2,6
8224.246558333332,-0.03,2,7
7532.902562500003,-0.04,2,8
6571.165085416667,-0.04,2,9
6489.55149375,-0.03,2,10
6462.678722916666,-0.01,2,11
6484.18355416667,-0.0,2,12
6735.375314583332,0.01,2,13
6676.568714583332,0.01,2,14
6396.287120833332,0.01,2,15
5569.7707833333325,0.01,2,16
6032.263239583333,0.0,2,17
6071.474652083332,-0.01,2,18
6322.44394375,-0.02,2,19
5683.509718750002,-0.02,2,20
5873.9077218452385,-0.02,2,21
6041.477546904764,-0.0,2,22
6136.352345833336,0.01,2,23
6128.942481250004,0.03,3,0
6300.1014395833345,0.04,3,1
7058.797154166669,0.04,3,2
7852.614572916668,0.04,3,3
8545.407983333336,0.03,3,4
8356.192375,0.02,3,5
8455.096927083334,-0.0,3,6
8169.21475,-0.02,3,7
8050.6257916666655,-0.04,3,8
7274.452114583332,-0.05,3,9
7249.650539583334,-0.04,3,10
7202.810562500004,-0.03,3,11
6524.495377083332,-0.02,3,12
6342.973054166668,-0.01,3,13
6685.971827083335,-0.0,3,14
6521.7816166666735,-0.0,3,15
6238.679087499999,0.0,3,16
6349.954418750001,0.0,3,17
6175.968479166666,-0.0,3,18
6024.796462499997,-0.01,3,19
6322.0237187500015,-0.02,3,20
6465.065630448717,-0.01,3,21
6285.969265384613,-0.0,3,22
6409.682662500022,0.02,3,23
6437.089291666666,0.03,4,0
6483.317379166664,0.05,4,1
6757.511456249998,0.05,4,2
7801.228614583335,0.05,4,3
8230.38293125,0.05,4,4
8271.819902083334,0.04,4,5
9281.0184625,0.02,4,6
9782.755764583335,-0.0,4,7
10006.42523541666,-0.03,4,8
9222.473306250002,-0.04,4,9
8247.39816875,-0.05,4,10
8586.202522916663,-0.05,4,11
8365.102064583329,-0.04,4,12
7169.05848958333,-0.03,4,13
7052.702245833332,-0.02,4,14
6717.511966666669,-0.02,4,15
6595.950591666663,-0.01,4,16
6875.294085416666,-0.01,4,17
6627.9776437499995,-0.01,4,18
6091.888268749999,-0.01,4,19
6335.589797916662,-0.01,4,20
6241.544023611111,-0.01,4,21
6182.612026388888,-0.0,4,22
6170.569324999996,0.01,4,23
7151.338477083334,0.03,5,0
7731.804985906862,0.05,5,1
8111.33940367647,0.06,5,2
8996.061133333335,0.06,5,3
9888.163645833341,0.06,5,4
10602.316443750002,0.05,5,5
10949.630187500003,0.04,5,6
10283.562120833334,0.02,5,7
10073.212833750002,-0.01,5,8
9426.078105833336,-0.03,5,9
7672.118130899862,-0.05,5,10
7886.551098266789,-0.05,5,11
7167.513003996599,-0.05,5,12
6319.275425170066,-0.05,5,13
6774.4145874999995,-0.04,5,14
6652.152091666666,-0.03,5,15
5841.816475000001,-0.03,5,16
6020.169091666666,-0.02,5,17
5972.35158125,-0.02,5,18
6397.488239583333,-0.01,5,19
6334.500370454544,-0.01,5,20
6172.394577371545,-0.01,5,21
6099.964316757246,-0.0,5,22
6156.164477083308,0.01,5,23
7157.968906249999,0.03,6,0
8013.311066666664,0.04,6,1
8210.949816666662,0.06,6,2
8594.788860416666,0.07,6,3
9080.151841666668,0.07,6,4
9722.762210416664,0.06,6,5
9754.446720833335,0.05,6,6
9430.597899999997,0.04,6,7
9313.978904166668,0.02,6,8
9042.350616666672,-0.01,6,9
7623.577112499998,-0.03,6,10
8048.625493750001,-0.05,6,11
8169.393270833339,-0.06,6,12
7266.069318750001,-0.06,6,13
7780.460247916676,-0.05,6,14
7990.1194208333345,-0.05,6,15
7296.847345833335,-0.04,6,16
7572.1612166666655,-0.04,6,17
7679.606748351649,-0.03,6,18
7729.129607898354,-0.02,6,19
7564.201747916669,-0.02,6,20
7700.47094493243,-0.01,6,21
7620.516269650903,-0.0,6,22
7193.394341666688,0.01,6,23
7124.865252083337,0.02,0,0
8356.461764583331,0.04,0,1
9395.310885416657,0.05,0,2
9590.652452083335,0.06,0,3
9701.04657916667,0.07,0,4
10182.470633333338,0.07,0,5
10450.934125000002,0.06,0,6
10258.596256249997,0.05,0,7
9883.896541666665,0.04,0,8
9552.846137499999,0.02,0,9
7741.238564583336,-0.01,0,10
7677.699108333336,-0.03,0,11
7760.633300000001,-0.05,0,12
6894.0949395833295,-0.06,0,13
6503.871514583335,-0.06,0,14
6191.01543125,-0.06,0,15
5847.203866666669,-0.05,0,16
6323.414431250001,-0.05,0,17
6486.600477083335,-0.04,0,18
6355.092633333335,-0.03,0,19
6439.014389583334,-0.02,0,20
6470.384831250007,-0.01,0,21
6463.067763440861,-0.0,0,22
6384.522644892465,0.0,0,23
6350.167706249999,0.01,1,0
6366.518775000001,0.02,1,1
6804.203610416662,0.04,1,2
8837.29320833333,0.05,1,3
9662.896620833328,0.06,1,4
10010.744541666669,0.06,1,5
9921.960502083331,0.06,1,6
9063.623906249999,0.06,1,7
8213.075235416669,0.05,1,8
8250.464512499997,0.03,1,9
7165.060197916665,0.02,1,10
7090.5018791666635,-0.01,1,11
7309.83385625,-0.03,1,12
6911.0578760416665,-0.04,1,13
6573.457653125,-0.06,1,14
6918.268879166669,-0.06,1,15
6893.791035416669,-0.06,1,16
7015.661672916668,-0.06,1,17
6934.148527083333,-0.05,1,18
6451.6680729166665,-0.04,1,19
6142.157802083332,-0.03,1,20
6274.688281249999,-0.02,1,21
6321.596643749999,-0.01,1,22
6313.096479166693,0.0,1,23
6081.224127083333,0.01,2,0
6755.776222916667,0.02,2,1
7851.436095833336,0.02,2,2
9476.598629166665,0.04,2,3
9838.561925,0.05,2,4
10535.789200000003,0.05,2,5
11573.276416666666,0.06,2,6
10202.241137500003,0.06,2,7
9305.247914583331,0.05,2,8
8230.43989375,0.04,2,9
7179.044362500003,0.03,2,10
7336.5332770833365,0.02,2,11
7770.364039583332,-0.0,2,12
7785.269231249998,-0.03,2,13
7507.8215375,-0.04,2,14
7419.0380583333335,-0.06,2,15
7577.267214583335,-0.06,2,16
7559.091358333335,-0.06,2,17
7224.975264583332,-0.06,2,18
7038.94195625,-0.05,2,19
6118.703489583332,-0.04,2,20
6390.427052103561,-0.02,2,21
6466.997527063108,-0.01,2,22
6349.448202083355,0.0,2,23
6652.458683333332,0.01,3,0
7394.096789583331,0.01,3,1
7529.496835416666,0.01,3,2
7536.521533333341,0.02,3,3
8045.3132039262855,0.03,3,4
8618.437154407053,0.04,3,5
9072.377145416665,0.04,3,6
8994.375773333333,0.05,3,7
8659.453008333334,0.05,3,8
7198.317772916667,0.05,3,9
6712.813862500002,0.04,3,10
6966.480860416666,0.03,3,11
6016.383889583333,0.02,3,12
5877.768616666666,-0.01,3,13
5904.226947916666,-0.03,3,14
5871.027527083328,-0.04,3,15
6021.630462500002,-0.05,3,16
6009.085329166669,-0.06,3,17
6459.510893749994,-0.05,3,18
6423.4125625000015,-0.05,3,19
6391.690752083334,-0.04,3,20
6395.196539391022,-0.03,3,21
6054.802960608973,-0.01,3,22
6406.059704166664,-0.0,3,23
7574.146591666668,0.01,4,0
9116.22786875,0.01,4,1
9537.446862499995,0.01,4,2
10606.308812500007,0.01,4,3
10475.231270833337,0.01,4,4
9772.11308125,0.02,4,5
9750.568150000001,0.02,4,6
8454.995475,0.03,4,7
6589.563599999998,0.04,4,8
8095.717645833332,0.04,4,9
7126.485747916668,0.04,4,10
6654.151870833334,0.04,4,11
6869.265964583332,0.03,4,12
6913.597660416667,0.01,4,13
7084.215237500003,-0.01,4,14
6995.102497916668,-0.03,4,15
6917.520606249999,-0.04,4,16
6835.74100625,-0.05,4,17
6850.540239583333,-0.05,4,18
6781.582833333329,-0.04,4,19
6806.192070833333,-0.04,4,20
6823.429860632184,-0.03,4,21
6755.468731034481,-0.01,4,22
6960.452785416666,0.0,4,23
7127.329504166666,0.01,5,0
8297.253316666667,0.02,5,1
10069.245527083329,0.01,5,2
10516.369395833346,0.01,5,3
11198.0101875,0.0,5,4
11587.9386625,0.0,5,5
5587.277568750002,0.0,5,6
7098.173785416668,0.01,5,7
7876.853708333335,0.02,5,8
8205.165683333333,0.03,5,9
8128.487183333341,0.03,5,10
5080.574654166659,0.03,5,11
4999.294297916666,0.03,5,12
6543.924799999999,0.02,5,13
6773.622104166669,0.01,5,14
6637.8428166666645,-0.01,5,15
6770.486862499998,-0.03,5,16
6807.4791125,-0.04,5,17
6649.818408333333,-0.05,5,18
6598.865568750001,-0.04,5,19
6591.0477375,-0.03,5,20
6572.462088224638,-0.02,5,21
6522.679905525363,-0.01,5,22
6448.004239583348,0.0,5,23
6521.930552083338,0.01,6,0
6621.073952083332,0.02,6,1
6664.753787500002,0.02,6,2
6683.275620833333,0.01,6,3
6698.242458333334,-0.0,6,4
6734.9067500000065,-0.01,6,5
6893.57386666667,-0.01,6,6
7018.787443750001,-0.01,6,7
7879.09910625,0.0,6,8
8116.469804166667,0.01,6,9
8094.151302083333,0.02,6,10
7777.650945833333,0.02,6,11
6978.745257083335,0.02,6,12
4699.080784583333,0.02,6,13
4482.726310416666,0.02,6,14
4301.150977083333,0.0,6,15
4189.991902083334,-0.02,6,16
4677.314122619048,-0.03,6,17
5423.8091898809525,-0.04,6,18
7024.911381250001,-0.04,6,19
7250.79853125,-0.03,6,20
6997.907782051285,-0.01,6,21
6759.033067948721,-0.0,6,22
6898.669147916679,0.01,6,23
6326.522212499998,0.02,0,0
7021.942150000003,0.03,0,1
6879.82664375,0.03,0,2
7317.143225000001,0.02,0,3
8579.12425,0.01,0,4
9688.674441666666,-0.01,0,5
10059.337018750002,-0.02,0,6
10115.246566666667,-0.02,0,7
9838.778849999999,-0.02,0,8
9259.183014583337,-0.01,0,9
8871.351524999998,0.0,0,10
8604.699337500004,0.01,0,11
8240.951712500004,0.01,0,12
8012.004222916669,0.02,0,13
7807.857600000002,0.01,0,14
7531.632214583337,0.01,0,15
6621.274008333335,-0.01,0,16
6470.983977083334,-0.02,0,17
6886.2791625,-0.03,0,18
7047.775481250001,-0.03,0,19
7192.033858333331,-0.02,0,20
7198.74778114035,-0.01,0,21
7130.342300109659,0.01,0,22
7042.725397916665,0.02,0,23
7042.8996895833325,0.03,1,0
7071.943195833331,0.03,1,1
7352.635381249997,0.03,1,2
8816.708024999996,0.03,1,3
9273.240027083328,0.02,1,4
9773.048004166665,-0.0,1,5
9653.452585416664,-0.02,1,6
9515.430818750005,-0.03,1,7
8949.116681249998,-0.03,1,8
7665.132599999999,-0.02,1,9
4881.922068750003,-0.01,1,10
5329.778185416667,-0.01,1,11
5506.106731250001,-0.0,1,12
5804.4203750000015,0.0,1,13
6636.4185666666635,0.01,1,14
6978.207868750005,0.01,1,15
7122.335408333334,-0.0,1,16
7339.161868750001,-0.01,1,17
7343.291737499998,-0.02,1,18
7420.380843749999,-0.03,1,19
7343.813381250001,-0.02,1,20
7286.16630757114,-0.01,1,21
6869.426025762195,0.01,1,22
6824.8892854166415,0.02,1,23
5786.822064583333,0.03,2,0
6780.695633333334,0.04,2,1
6940.552091666667,0.04,2,2
7683.85896875,0.04,2,3
9017.348372916664,0.03,2,4
10847.79758125,0.01,2,5
11026.432187499999,-0.01,2,6
9760.73243125,-0.03,2,7
8733.497550000002,-0.04,2,8
9041.111672916666,-0.03,2,9
8712.441916666665,-0.03,2,10
7480.316424999999,-0.02,2,11
7397.154366666666,-0.01,2,12
6795.791166666665,-0.01,2,13
6689.132433333339,-0.0,2,14
6797.391039583334,-0.0,2,15
7374.461329326926,-0.0,2,16
8155.688199839748,-0.01,2,17
7907.629527083333,-0.01,2,18
7589.724404166666,-0.02,2,19
7501.386914583333,-0.02,2,20
7402.181546029873,-0.0,2,21
7162.309064386791,0.01,2,22
6871.045033333319,0.03,2,23
7262.34933125,0.04,3,0
7537.26535208333,0.05,3,1
7851.992010416668,0.05,3,2
8909.733125,0.05,3,3
9174.02526875,0.04,3,4
10074.246841666665,0.02,3,5
10644.001520833333,0.0,3,6
10598.036729166668,-0.02,3,7
10175.130270833335,-0.04,3,8
9153.506722916663,-0.04,3,9
8831.586033333333,-0.04,3,10
8710.995045833331,-0.03,3,11
4277.44203125,-0.03,3,12
3906.313720833335,-0.02,3,13
3697.268958333336,-0.02,3,14
2208.5835375,-0.01,3,15
2062.534879166666,-0.01,3,16
1829.5272541666668,-0.01,3,17
1467.2679624999994,-0.01,3,18
1486.1600854166668,-0.01,3,19
1403.5951718749996,-0.01,3,20
1569.0504734068627,-0.0,3,21
2550.9714765931376,0.01,3,22
5195.286906250002,0.03,3,23
6900.935589583333,0.05,4,0
6764.376797916668,0.05,4,1
7208.89914375,0.06,4,2
11321.347025000006,0.05,4,3
12116.91995833334,0.05,4,4
11692.064104166655,0.03,4,5
11210.38897916667,0.02,4,6
9703.206229166675,-0.01,4,7
9181.516425,-0.03,4,8
8373.9101875,-0.04,4,9
7467.9443083333335,-0.04,4,10
8693.526149999998,-0.04,4,11
8108.533552083329,-0.04,4,12
6438.294123503521,-0.03,4,13
6699.653305663144,-0.03,4,14
6695.764514583333,-0.02,4,15
6119.147104166665,-0.02,4,16
6198.7447250000005,-0.01,4,17
6499.947741666673,-0.01,4,18
6766.9459312499985,-0.01,4,19
7087.918249999998,-0.01,4,20
7153.989267857143,-0.0,4,21
7126.305869642858,0.01,4,22
6692.571339583332,0.03,4,23
5488.922822916666,0.05,5,0
6350.796604166669,0.06,5,1
7152.60798125,0.06,5,2
7362.30865833333,0.06,5,3
7646.031281249996,0.05,5,4
7852.124545138886,0.04,5,5
7820.254895486112,0.03,5,6
7786.709117708344,0.01,5,7
7548.99210208334,-0.02,5,8
7374.003156249999,-0.03,5,9
7326.721412500001,-0.04,5,10
7221.119027822582,-0.05,5,11
7086.482451344089,-0.04,5,12
7008.760822916667,-0.04,5,13
7081.826502083333,-0.04,5,14
7131.870295833335,-0.03,5,15
7149.2198270833205,-0.03,5,16
7138.976122916661,-0.02,5,17
7022.5447604166675,-0.02,5,18
7211.2453,-0.01,5,19
7212.33284375,-0.01,5,20
6857.47341426282,-0.0,5,21
6533.926727403845,0.01,5,22
6547.239129166662,0.02,5,23
6513.5408895833325,0.04,6,0
6476.211372916671,0.06,6,1
7565.464591666665,0.07,6,2
9736.36579583332,0.07,6,3
10225.279,0.06,6,4
10224.15241666667,0.05,6,5
10750.761708333333,0.04,6,6
11085.496770833332,0.02,6,7
10235.846687500003,-0.0,6,8
10069.701156250005,-0.02,6,9
9023.344687499997,-0.04,6,10
8448.301364583338,-0.05,6,11
8933.68158125,-0.05,6,12
8729.588497916668,-0.05,6,13
7473.112356250014,-0.04,6,14
7763.631281250002,-0.04,6,15
7868.831127083335,-0.04,6,16
6980.814956249998,-0.03,6,17
7038.81721041667,-0.02,6,18
7132.8316312499965,-0.01,6,19
7082.3193,-0.01,6,20
6788.1409869496865,-0.0,6,21
6828.874715133647,0.01,6,22
7044.354697916691,0.02,6,23
7355.133122916664,0.04,0,0
8105.466806249996,0.05,0,1
8700.487168750002,0.06,0,2
10806.523935416664,0.07,0,3
11320.879999999994,0.06,0,4
11038.62420833333,0.06,0,5
11159.733916666668,0.05,0,6
9703.9712625,0.03,0,7
8611.384037500002,0.01,0,8
9291.88552291667,-0.01,0,9
7412.25455625,-0.03,0,10
8674.035937500003,-0.04,0,11
7588.9362062499995,-0.05,0,12
6649.939308333331,-0.05,0,13
6904.911779166668,-0.05,0,14
7453.826731250002,-0.05,0,15
7562.470939583332,-0.04,0,16
7326.334435416668,-0.04,0,17
7445.866152083328,-0.03,0,18
7167.616945833333,-0.02,0,19
7005.785304166669,-0.01,0,20
6827.520717982458,-0.0,0,21
6887.451182017543,0.01,0,22
7158.885745833362,0.02,0,23
7455.363766666664,0.03,1,0
8112.729166666666,0.04,1,1
9161.338730194062,0.06,1,2
9938.914051055934,0.06,1,3
10205.188789583332,0.06,1,4
11552.323458333334,0.06,1,5
10463.301279166666,0.05,1,6
8962.663137499998,0.04,1,7
7837.658225000006,0.02,1,8
7009.354052083334,0.01,1,9
6956.684370833332,-0.01,1,10
7093.169510416668,-0.03,1,11
7505.818002083336,-0.04,1,12
6864.847581250009,-0.05,1,13
7174.316318750003,-0.05,1,14
7017.460381249998,-0.05,1,15
6503.3585979166655,-0.05,1,16
6727.163381250003,-0.04,1,17
7801.512075000004,-0.04,1,18
8080.4952187499985,-0.03,1,19
7728.298413611113,-0.02,1,20
7497.441886388887,-0.0,1,21
7465.27532291667,0.01,1,22
8097.003991666646,0.02,1,23
8860.599418749998,0.02,2,0
9221.03538125,0.03,2,1
9872.168547916664,0.04,2,2
12133.621958333319,0.05,2,3
13132.909333333333,0.06,2,4
13388.440729166665,0.06,2,5
13248.046770833329,0.05,2,6
10554.805477083333,0.04,2,7
8661.017877083335,0.03,2,8
8011.547295833332,0.02,2,9
7629.035310416666,0.0,2,10
7955.635258333332,-0.01,2,11
8393.047441666664,-0.03,2,12
8111.242239583332,-0.05,2,13
7957.430389583331,-0.05,2,14
8160.0613,-0.06,2,15
8050.118824458875,-0.05,2,16
8074.119363041125,-0.05,2,17
8182.189885416666,-0.04,2,18
8369.996812500003,-0.03,2,19
7602.726412428162,-0.02,2,20
8171.360724030173,-0.01,2,21
8526.989761458333,0.0,2,22
8657.957208333335,0.01,2,23
9902.458483333341,0.02,3,0
11401.067994791667,0.03,3,1
10977.592005208326,0.03,3,2
11036.060583333336,0.04,3,3
13421.406645833335,0.05,3,4
14263.963979166667,0.05,3,5
13426.24102083333,0.05,3,6
10789.558668749994,0.05,3,7
8711.583677083334,0.04,3,8
7992.752204166665,0.03,3,9
8121.773404166665,0.02,3,10
8198.760220833334,0.0,3,11
8272.485270833335,-0.02,3,12
8609.127997916663,-0.03,3,13
8245.698362499998,-0.05,3,14
8339.196175000003,-0.05,3,15
8416.998337499997,-0.06,3,16
8522.003075000002,-0.05,3,17
7661.248952083343,-0.04,3,18
6414.229722916657,-0.03,3,19
6717.769489583333,-0.02,3,20
6905.853882875457,-0.01,3,21
6978.460931707874,-0.0,3,22
6994.021772916673,0.01,3,23
6997.212924999999,0.02,4,0
8169.713275000003,0.02,4,1
9796.756593750004,0.02,4,2
11888.898857545048,0.02,4,3
13647.046454954954,0.03,4,4
13087.73577604167,0.04,4,5
11866.445065624996,0.04,4,6
11825.763054166666,0.04,4,7
11286.512645833332,0.04,4,8
10217.565541666683,0.03,4,9
9608.253385416665,0.02,4,10
9170.693814583337,0.01,4,11
9168.193174999999,-0.0,4,12
9355.153760416664,-0.02,4,13
8925.684466666666,-0.03,4,14
8534.233549999997,-0.05,4,15
8359.244461574075,-0.05,4,16
8204.950755220143,-0.05,4,17
8438.177997789116,-0.04,4,18
8550.190352083333,-0.03,4,19
8614.633702083334,-0.02,4,20
8585.36467562785,-0.01,4,21
8192.001216038812,-0.0,4,22
8189.360070833358,0.01,4,23
8480.87566875,0.02,5,0
9113.128214583334,0.02,5,1
9687.40507083333,0.02,5,2
10911.814285416669,0.01,5,3
12512.3238125,0.01,5,4
13675.709875000008,0.02,5,5
13015.825708333336,0.02,5,6
13071.154270833333,0.03,5,7
12071.244554644803,0.03,5,8
11439.318574521856,0.03,5,9
10361.908654166666,0.03,5,10
8473.495329166668,0.02,5,11
9408.927439583338,0.01,5,12
9639.621904166675,-0.0,5,13
8610.577658333335,-0.02,5,14
8373.003002083335,-0.03,5,15
7960.209035416667,-0.05,5,16
8390.059200000002,-0.05,5,17
7663.8952445436535,-0.04,5,18
7818.867609623017,-0.03,5,19
7908.1300541666715,-0.02,5,20
7771.627529166667,-0.01,5,21
8260.673927083331,0.0,5,22
8211.30948125001,0.01,5,23
8298.437393750004,0.02,6,0
8521.841120833336,0.02,6,1
9275.794970833336,0.02,6,2
11237.438819711542,0.01,6,3
12537.27796153847,-0.0,6,4
12391.138750000002,-0.0,6,5
13446.913034274196,0.0,6,6
12879.609424059132,0.01,6,7
11341.72464039855,0.02,6,8
11136.089713768111,0.02,6,9
9515.41074374999,0.02,6,10
7899.480629166667,0.02,6,11
8398.978647916663,0.02,6,12
8104.5123880681795,0.01,6,13
7808.644320265155,-0.0,6,14
8359.497566666663,-0.02,6,15
8455.866700000002,-0.03,6,16
8472.74496458333,-0.04,6,17
8491.595976152485,-0.04,6,18
8745.350594680851,-0.03,6,19
8669.506054166668,-0.02,6,20
8805.891789166668,-0.0,6,21
8982.928231666667,0.01,6,22
8727.549064583327,0.02,6,23
9101.968104166668,0.02,0,0
10516.049154166667,0.02,0,1
11883.154479166667,0.02,0,2
13356.170520833342,0.01,0,3
14367.396791666666,-0.01,0,4
13985.452333333325,-0.02,0,5
13533.265416666662,-0.02,0,6
13195.688979166669,-0.01,0,7
12778.491791666662,-0.01,0,8
11813.146895833333,0.0,0,9
11614.509570833341,0.01,0,10
11397.855429166662,0.01,0,11
10381.52866666667,0.01,0,12
9297.486097916666,0.01,0,13
7617.8926458333335,0.01,0,14
7791.018045833333,-0.0,0,15
7607.042072916669,-0.02,0,16
7578.543293749997,-0.03,0,17
7089.582772916671,-0.03,0,18
7195.797077083339,-0.02,0,19
7262.851979166664,-0.01,0,20
6888.293764236111,0.0,0,21
6987.7640336805525,0.02,0,22
7070.760031250013,0.03,0,23
7291.872029166664,0.03,1,0
6928.850543749999,0.03,1,1
6473.356562500005,0.03,1,2
7218.404637500002,0.02,1,3
7349.385643749998,-0.0,1,4
8449.957035416666,-0.02,1,5
9029.291831250004,-0.03,1,6
9485.419814583332,-0.04,1,7
8855.678062500005,-0.03,1,8
7440.728404166662,-0.02,1,9
6977.217806250002,-0.01,1,10
6975.2417937499995,-0.0,1,11
7435.352177083334,0.0,1,12
7733.922254166667,0.01,1,13
7942.450029166674,0.01,1,14
8151.7999708333355,0.0,1,15
8857.7021208734,-0.01,1,16
8942.824620793273,-0.02,1,17
9284.666733333337,-0.02,1,18
8873.747522916667,-0.02,1,19
8764.1168625,-0.01,1,20
8470.509260714289,0.01,1,21
2376.8596288690474,0.03,1,22
2619.3935833333335,0.04,1,23
